<?xml version="1.0" encoding="UTF-8"?>
<project-private xmlns="http://www.netbeans.org/ns/project-private/1">
    <editor-bookmarks xmlns="http://www.netbeans.org/ns/editor-bookmarks/2" lastBookmarkId="0"/>
    <open-files xmlns="http://www.netbeans.org/ns/projectui-open-files/2">
        <group>
            <file>file:/C:/Users/devje/laravel_commerce/resources/views/products/edit.blade.php</file>
            <file>file:/C:/Users/devje/laravel_commerce/app/Products.php</file>
            <file>file:/C:/Users/devje/laravel_commerce/app/Http/Requests/ProductsRequest.php</file>
            <file>file:/C:/Users/devje/laravel_commerce/resources/views/products/create.blade.php</file>
            <file>file:/C:/Users/devje/laravel_commerce/resources/views/products.blade.php</file>
            <file>file:/C:/Users/devje/laravel_commerce/database/migrations/2017_05_25_021146_create_table_products.php</file>
            <file>file:/C:/Users/devje/laravel_commerce/resources/views/products/index.blade.php</file>
            <file>file:/C:/Users/devje/laravel_commerce/app/Http/Controllers/ProductsController.php</file>
        </group>
    </open-files>
</project-private>
